threshold,precision,recall,f1,tn,fp,fn,tp
0.5,0.1903130353527488,0.9918831168831169,0.3193518881484385,947962,5199,10,1222
0.51,0.19396825396825396,0.9918831168831169,0.3244822092405735,948083,5078,10,1222
0.52,0.19700145091084958,0.9918831168831169,0.32871553463349024,948180,4981,10,1222
0.53,0.2031587697423109,0.9918831168831169,0.3372429971022492,948368,4793,10,1222
0.54,0.20534363972441608,0.9918831168831169,0.3402478073228456,948432,4729,10,1222
0.55,0.20771715111337752,0.9918831168831169,0.34349964862965565,948500,4661,10,1222
0.56,0.2109806629834254,0.9918831168831169,0.3479498861047836,948591,4570,10,1222
0.5700000000000001,0.21529245947850598,0.9918831168831169,0.35379270411117547,948707,4454,10,1222
0.5800000000000001,0.21919282511210764,0.9918831168831169,0.3590421624798002,948808,4353,10,1222
0.5900000000000001,0.22169811320754718,0.9918831168831169,0.3623962040332147,948871,4290,10,1222
0.6000000000000001,0.2233809001097695,0.9910714285714286,0.36458644371454163,948916,4245,11,1221
0.6100000000000001,0.22724734785036294,0.9910714285714286,0.36971990915972747,949009,4152,11,1221
0.6200000000000001,0.2305078346233717,0.9910714285714286,0.37402358707305866,949085,4076,11,1221
0.6300000000000001,0.2332378223495702,0.9910714285714286,0.37760940157723827,949147,4014,11,1221
0.6400000000000001,0.23653622626888804,0.9910714285714286,0.38192055051610885,949220,3941,11,1221
0.6500000000000001,0.2395056885052962,0.9910714285714286,0.385781990521327,949284,3877,11,1221
0.6600000000000001,0.24356672651107122,0.9910714285714286,0.3910328262610088,949369,3792,11,1221
0.6700000000000002,0.2468661544682572,0.9910714285714286,0.3952735513111039,949436,3725,11,1221
0.6800000000000002,0.2491328300346868,0.9910714285714286,0.39817381379422795,949481,3680,11,1221
0.6900000000000002,0.25274270337404264,0.9910714285714286,0.4027709054923305,949551,3610,11,1221
0.7000000000000002,0.2547465053202587,0.9910714285714286,0.4053112033195021,949589,3572,11,1221
0.7100000000000002,0.2588509645961416,0.9910714285714286,0.4104891578416541,949665,3496,11,1221
0.7200000000000002,0.260230179028133,0.9910714285714286,0.412221471978393,949690,3471,11,1221
0.7300000000000002,0.2633167996549493,0.9910714285714286,0.41608451184188106,949745,3416,11,1221
0.7400000000000002,0.2690019828155982,0.9910714285714286,0.423150233928262,949843,3318,11,1221
0.7500000000000002,0.27413560844185003,0.9910714285714286,0.42947590573338024,949928,3233,11,1221
0.7600000000000002,0.2755585646580907,0.9910714285714286,0.4312202013067279,949951,3210,11,1221
0.7700000000000002,0.28107734806629836,0.9910714285714286,0.437948350071736,950038,3123,11,1221
0.7800000000000002,0.2874293785310734,0.9910714285714286,0.4456204379562044,950134,3027,11,1221
0.7900000000000003,0.2906145783706527,0.9902597402597403,0.44935543278084716,950183,2978,12,1220
0.8000000000000003,0.2956142476375091,0.9902597402597403,0.4553088262735585,950254,2907,12,1220
0.8100000000000003,0.3001968503937008,0.9902597402597403,0.4607250755287009,950317,2844,12,1220
0.8200000000000003,0.30340711265854264,0.9902597402597403,0.46449647820293166,950360,2801,12,1220
0.8300000000000003,0.30937261874523747,0.9886363636363636,0.4712710388856645,950442,2719,14,1218
0.8400000000000003,0.31351351351351353,0.9886363636363636,0.47606019151846785,950494,2667,14,1218
0.8500000000000003,0.318586387434555,0.9878246753246753,0.4817893903404592,950558,2603,15,1217
0.8600000000000003,0.3248730964467005,0.987012987012987,0.48884422110552767,950634,2527,16,1216
0.8700000000000003,0.32837033026529505,0.984577922077922,0.4924888347543646,950680,2481,19,1213
0.8800000000000003,0.3335166345889469,0.984577922077922,0.49825426165537073,950737,2424,19,1213
0.8900000000000003,0.3370380661294804,0.984577922077922,0.5021734630511281,950775,2386,19,1213
0.9000000000000004,0.34627462175278334,0.984577922077922,0.5123548046462513,950871,2290,19,1213
0.9100000000000004,0.34916522740356937,0.984577922077922,0.5155121121971951,950900,2261,19,1213
0.9200000000000004,0.35364431486880465,0.984577922077922,0.5203775203775204,950944,2217,19,1213
0.9300000000000004,0.36084624553039335,0.9829545454545454,0.527898866608544,951016,2145,21,1211
0.9400000000000004,0.36862984436985047,0.9805194805194806,0.5358172543801286,951092,2069,24,1208
0.9500000000000004,0.39105058365758755,0.9788961038961039,0.5588507877664504,951283,1878,26,1206
0.9600000000000004,0.40975103734439833,0.9618506493506493,0.5746847720659554,951454,1707,47,1185
0.9700000000000004,0.460880195599022,0.9180194805194806,0.6136733586543679,951838,1323,101,1131
0.9800000000000004,0.591118800461361,0.8319805194805194,0.6911665542818611,952452,709,207,1025
0.9900000000000004,0.7047832585949177,0.765422077922078,0.733852140077821,952766,395,289,943
