threshold,precision,recall,f1,TN,FP,FN,TP
0.5,0.6946386946386947,0.9675324675324676,0.8086838534599728,952637,524,40,1192
0.51,0.7005882352941176,0.9667207792207793,0.8124147339699863,952652,509,41,1191
0.52,0.7041420118343196,0.9659090909090909,0.8145106091718002,952661,500,42,1190
0.53,0.7074910820451843,0.9659090909090909,0.8167467398764585,952669,492,42,1190
0.54,0.7117224880382775,0.9659090909090909,0.8195592286501377,952679,482,42,1190
0.55,0.7141141141141141,0.9650974025974026,0.8208491542975492,952685,476,43,1189
0.56,0.7169583584791792,0.9642857142857143,0.822429906542056,952692,469,44,1188
0.5700000000000001,0.71922377198302,0.9626623376623377,0.823325234293648,952698,463,46,1186
0.5800000000000001,0.7199270959902795,0.9618506493506493,0.8234885337039611,952700,461,47,1185
0.5900000000000001,0.7232742822235797,0.961038961038961,0.825374695015685,952708,453,48,1184
0.6000000000000001,0.727719729563614,0.961038961038961,0.8282616299405386,952718,443,48,1184
0.6100000000000001,0.7322201607915894,0.961038961038961,0.8311688311688312,952728,433,48,1184
0.6200000000000001,0.7358607830950901,0.961038961038961,0.8335093277015135,952736,425,48,1184
0.6300000000000001,0.74,0.961038961038961,0.8361581920903954,952745,416,48,1184
0.6400000000000001,0.7451227186910007,0.961038961038961,0.8394186458702588,952756,405,48,1184
0.6500000000000001,0.7495244134432467,0.9594155844155844,0.8415806336774653,952766,395,50,1182
0.6600000000000001,0.7509529860228716,0.9594155844155844,0.84248039914469,952769,392,50,1182
0.6700000000000002,0.7533460803059273,0.9594155844155844,0.8439842913245269,952774,387,50,1182
0.6800000000000002,0.7575368826170622,0.9586038961038961,0.8462916517377285,952783,378,51,1181
0.6900000000000002,0.7596649484536082,0.9569805194805194,0.8469827586206896,952788,373,53,1179
0.7000000000000002,0.7629533678756477,0.9561688311688312,0.8487031700288185,952795,366,54,1178
0.7100000000000002,0.766470971950424,0.9537337662337663,0.8499095840867993,952803,358,57,1175
0.7200000000000002,0.7693315858453473,0.952922077922078,0.851341551849166,952809,352,58,1174
0.7300000000000002,0.7718606180144642,0.952922077922078,0.8528877588085725,952814,347,58,1174
0.7400000000000002,0.7754293262879789,0.952922077922078,0.8550619082301529,952821,340,58,1174
0.7500000000000002,0.7788844621513944,0.9521103896103896,0.8568298027757487,952828,333,59,1173
0.7600000000000002,0.7814790139906729,0.9521103896103896,0.858397365532382,952833,328,59,1173
0.7700000000000002,0.7849966510381782,0.9512987012987013,0.8601834862385321,952840,321,60,1172
0.7800000000000002,0.7886563133018231,0.948051948051948,0.8610394397346112,952848,313,64,1168
0.7900000000000003,0.7924016282225237,0.948051948051948,0.8632668144863267,952855,306,64,1168
0.8000000000000003,0.7982216142270862,0.9472402597402597,0.8663697104677061,952866,295,65,1167
0.8100000000000003,0.8031767955801105,0.9439935064935064,0.8679104477611941,952876,285,69,1163
0.8200000000000003,0.8097560975609757,0.9431818181818182,0.8713910761154856,952888,273,70,1162
0.8300000000000003,0.8120617110799438,0.939935064935065,0.871331828442438,952893,268,74,1158
0.8400000000000003,0.8154929577464789,0.939935064935065,0.8733031674208145,952899,262,74,1158
0.8500000000000003,0.8194050991501416,0.9391233766233766,0.8751891074130106,952906,255,75,1157
0.8600000000000003,0.825589706933524,0.9375,0.8779931584948689,952917,244,77,1155
0.8700000000000003,0.8287769784172662,0.935064935064935,0.8787185354691075,952923,238,80,1152
0.8800000000000003,0.8326086956521739,0.9326298701298701,0.8797856049004594,952930,231,83,1149
0.8900000000000003,0.8412931667891257,0.9293831168831169,0.8831469340532202,952945,216,87,1145
0.9000000000000004,0.8435424354243543,0.9277597402597403,0.8836490143022806,952949,212,89,1143
0.9100000000000004,0.8482142857142857,0.9253246753246753,0.8850931677018633,952957,204,92,1140
0.9200000000000004,0.8545727136431784,0.9253246753246753,0.8885424785658612,952967,194,92,1140
0.9300000000000004,0.8699311400153023,0.9228896103896104,0.8956282000787712,952991,170,95,1137
0.9400000000000004,0.879163439194423,0.9212662337662337,0.8997225525168451,953005,156,97,1135
0.9500000000000004,0.8855799373040752,0.9172077922077922,0.9011164274322169,953015,146,102,1130
0.9600000000000004,0.8983186549239391,0.9107142857142857,0.9044740024183797,953034,127,110,1122
0.9700000000000004,0.9176276771004942,0.9042207792207793,0.910874897792314,953061,100,118,1114
0.9800000000000004,0.931239388794567,0.890422077922078,0.9103734439834025,953080,81,135,1097
0.9900000000000004,0.9506607929515418,0.8758116883116883,0.9117025771018167,953105,56,153,1079
