timestamp,type,amount,oldbalanceOrg,transactions_per_hour,probability,probability_percent,threshold,risk_level,prediction,warnings
2026-10-06 00:29:02,PAYMENT,50000.0,5000000.0,0,2.8097032e-08,2.8097031e-06,0.9900000000000004,RỦI RO THẤP,0,
2026-10-06 00:30:40,PAYMENT,500000.0,5000000.0,0,1.5776375761333842e-08,1.5776375903442386e-06,0.9900000000000004,RỦI RO THẤP,0,
2026-10-06 00:30:41,PAYMENT,500000.0,5000000.0,0,1.5776375761333842e-08,1.5776375903442386e-06,0.9900000000000004,RỦI RO THẤP,0,
2026-10-06 00:30:42,PAYMENT,500000.0,5000000.0,0,1.5776375761333842e-08,1.5776375903442386e-06,0.9900000000000004,RỦI RO THẤP,0,
2026-10-06 00:31:05,TRANSFER,50000.0,10000000.0,0,0.0127250626683235,1.2725062370300293,0.9900000000000004,RỦI RO THẤP,0,
2026-10-06 00:31:06,TRANSFER,50000.0,10000000.0,0,0.0127250626683235,1.2725062370300293,0.9900000000000004,RỦI RO THẤP,0,
2026-10-06 00:31:07,TRANSFER,50000.0,10000000.0,0,0.0127250626683235,1.2725062370300293,0.9900000000000004,RỦI RO THẤP,0,
2026-10-06 00:31:50,CASH_OUT,50000.0,10000000.0,0,0.001599536743015,0.1599536687135696,0.9900000000000004,RỦI RO THẤP,0,
2026-10-06 00:31:51,CASH_OUT,50000.0,10000000.0,0,0.001599536743015,0.1599536687135696,0.9900000000000004,RỦI RO THẤP,0,
2026-10-06 00:32:20,DEBIT,100000.0,5000000.0,0,1.0211812195848324e-07,1.0211811968474647e-05,0.9900000000000004,RỦI RO THẤP,0,
2026-10-06 00:33:00,CASH_IN,1000000.0,500000.0,0,4.160843218414811e-06,0.0004160843091085,0.9900000000000004,RỦI RO THẤP,0,
2026-10-06 00:33:04,CASH_IN,1000000.0,500000.0,0,4.160843218414811e-06,0.0004160843091085,0.9900000000000004,RỦI RO THẤP,0,
2026-10-06 00:33:04,CASH_IN,1000000.0,500000.0,0,4.160843218414811e-06,0.0004160843091085,0.9900000000000004,RỦI RO THẤP,0,
2026-10-06 00:35:06,TRANSFER,50000.0,10000000.0,0,0.0127250626683235,1.2725062370300293,0.9900000000000004,RỦI RO THẤP,0,
2026-10-06 00:36:02,TRANSFER,500000.0,10000000.0,0,0.0239245761185884,2.3924577236175537,0.9900000000000004,RỦI RO THẤP,0,
2026-10-06 00:36:33,TRANSFER,1000000.0,10000000.0,0,0.006369998678565,0.6369998455047607,0.9900000000000004,RỦI RO THẤP,0,
2026-10-06 00:36:36,TRANSFER,1000000.0,10000000.0,0,0.006369998678565,0.6369998455047607,0.9900000000000004,RỦI RO THẤP,0,
2026-10-06 00:36:56,TRANSFER,500000.0,10000000.0,0,0.0239245761185884,2.3924577236175537,0.9900000000000004,RỦI RO THẤP,0,
2026-10-06 00:37:04,TRANSFER,1000000.0,10000000.0,0,0.006369998678565,0.6369998455047607,0.9900000000000004,RỦI RO THẤP,0,
2026-10-06 00:37:12,TRANSFER,2500000.0,10000000.0,0,0.9998445510864258,99.98445129394533,0.9900000000000004,CẢNH BÁO NGUY CƠ GIAN LẬN,1,
2026-10-06 00:38:07,TRANSFER,5000000.0,10000000.0,0,0.9999988079071044,99.9998779296875,0.9900000000000004,CẢNH BÁO NGUY CƠ GIAN LẬN,1,
2026-10-06 00:38:09,TRANSFER,5000000.0,10000000.0,0,0.9999988079071044,99.9998779296875,0.9900000000000004,CẢNH BÁO NGUY CƠ GIAN LẬN,1,
2026-10-06 00:38:15,TRANSFER,5000000.0,10000000.0,0,0.9999988079071044,99.9998779296875,0.9900000000000004,CẢNH BÁO NGUY CƠ GIAN LẬN,1,
2026-10-06 00:38:18,TRANSFER,5000000.0,10000000.0,0,0.9999988079071044,99.9998779296875,0.9900000000000004,CẢNH BÁO NGUY CƠ GIAN LẬN,1,
2026-10-06 00:38:19,TRANSFER,5000000.0,10000000.0,0,0.9999988079071044,99.9998779296875,0.9900000000000004,CẢNH BÁO NGUY CƠ GIAN LẬN,1,
2026-10-06 00:38:20,TRANSFER,5000000.0,10000000.0,0,0.9999988079071044,99.9998779296875,0.9900000000000004,CẢNH BÁO NGUY CƠ GIAN LẬN,1,
2026-10-06 00:38:49,TRANSFER,7500000.0,10000000.0,0,0.9999988079071044,99.9998779296875,0.9900000000000004,CẢNH BÁO NGUY CƠ GIAN LẬN,1,
2026-10-06 00:38:52,TRANSFER,7500000.0,10000000.0,0,0.9999988079071044,99.9998779296875,0.9900000000000004,CẢNH BÁO NGUY CƠ GIAN LẬN,1,
2026-10-06 00:38:55,TRANSFER,7500000.0,10000000.0,0,0.9999988079071044,99.9998779296875,0.9900000000000004,CẢNH BÁO NGUY CƠ GIAN LẬN,1,
2026-10-06 00:39:19,TRANSFER,10000000.0,10000000.0,0,0.9999988079071044,99.9998779296875,0.9900000000000004,CẢNH BÁO NGUY CƠ GIAN LẬN,1,Giao dịch sử dụng toàn bộ số dư tài khoản.
2026-10-06 00:39:21,TRANSFER,10000000.0,10000000.0,0,0.9999988079071045,99.9998779296875,0.9900000000000004,CẢNH BÁO NGUY CƠ GIAN LẬN,1,Giao dịch sử dụng toàn bộ số dư tài khoản.
